id,title,measurements,directions,ingredients,category,calories,protein_g,carbs_g,fat_g,fiber_g,serving_size,prep_time_minutes,cook_time_minutes,servings,created_at,updated_at
1,"Sparkling water & citrus","["12 fl oz sparkling water", "2 tbsp fresh lemon juice", "2 tbsp fresh lime juice", "1 tsp fresh mint leaves", "Ice cubes as needed"]","["Fill glass with ice cubes", "Pour sparkling water over ice", "Add fresh lemon and lime juice", "Stir gently", "Garnish with fresh mint leaves", "Serve immediately"]","["sparkling water", "lemon juice", "lime juice", "mint leaves", "ice"]",beverages,5,0.0,1.0,0.0,0.0,"12 fl oz",2,0,1,"2025-09-16 12:53:33","2025-09-16 12:53:33"
2,"Unsweet iced tea","["12 fl oz water", "2 tea bags (black or green)", "Ice cubes", "Optional: lemon slice"]","["Boil 6 fl oz water", "Steep tea bags for 3-5 minutes", "Remove tea bags and let cool", "Pour over ice in glass", "Add remaining cold water", "Garnish with lemon if desired"]","["water", "tea bags", "ice", "lemon"]",beverages,2,0.0,0.0,0.0,0.0,"12 fl oz",5,5,1,"2025-09-16 12:53:33","2025-09-16 12:53:33"
3,"Fruit spritz","["8 fl oz sparkling water", "4 fl oz 100% fruit juice (cranberry or pomegranate)", "1 tbsp fresh lime juice", "Ice cubes", "Fresh berries for garnish"]","["Fill glass with ice", "Add fruit juice and lime juice", "Top with sparkling water", "Stir gently", "Garnish with fresh berries", "Serve immediately"]","["sparkling water", "fruit juice", "lime juice", "ice", "berries"]",beverages,35,0.0,9.0,0.0,1.0,"12 fl oz",2,0,1,"2025-09-16 12:53:33","2025-09-16 12:53:33"
4,"Fruit-herb water","["12 fl oz water", "1/4 cup mixed fresh fruit (berries, citrus slices)", "2-3 fresh herb sprigs (mint, basil, or rosemary)", "Ice cubes"]","["Muddle fruit and herbs gently in glass", "Add ice cubes", "Pour water over mixture", "Stir gently", "Let infuse for 5-10 minutes", "Serve with fruit and herb garnish"]","["water", "mixed fruit", "fresh herbs", "ice"]",beverages,10,0.0,2.0,0.0,0.0,"12 fl oz",5,0,1,"2025-09-16 12:53:33","2025-09-16 12:53:33"
5,"Iced herbal tea (caffeine-free)","["12 fl oz water", "2 herbal tea bags (chamomile, peppermint, or fruit)", "Ice cubes", "Optional: 1 tsp honey"]","["Boil 6 fl oz water", "Steep herbal tea bags for 5-7 minutes", "Remove tea bags and add honey if desired", "Let cool to room temperature", "Pour over ice in glass", "Add remaining cold water"]","["water", "herbal tea bags", "ice", "honey"]",beverages,2,0.0,0.0,0.0,0.0,"12 fl oz",5,7,1,"2025-09-16 12:53:33","2025-09-16 12:53:33"
6,"Water & unsweet electrolytes","["12 fl oz water", "1/4 tsp sea salt", "2 tbsp fresh lemon juice", "1 tbsp fresh lime juice", "Optional: stevia to taste"]","["Mix sea salt with small amount of warm water until dissolved", "Add lemon and lime juice", "Pour in remaining cold water", "Add stevia if desired sweetness", "Stir well", "Serve over ice"]","["water", "sea salt", "lemon juice", "lime juice", "stevia"]",beverages,10,0.0,2.0,0.0,0.0,"12 fl oz",3,0,1,"2025-09-16 12:53:33","2025-09-16 12:53:33"
7,"Plain low-fat milk","["8 fl oz low-fat milk (1% or 2%)"]","["Pour chilled milk into glass", "Serve immediately"]","["low-fat milk"]",beverages,102,8.0,12.0,2.0,0.0,"8 fl oz",1,0,1,"2025-09-16 12:53:33","2025-09-16 12:53:33"
8,"Fruit-milk smoothie","["1/2 cup low-fat milk", "1/2 cup frozen mixed berries", "1/2 banana", "1/4 cup vanilla Greek yogurt", "1 tsp honey", "1/2 cup ice"]","["Add all ingredients to blender", "Blend on high for 60-90 seconds until smooth", "Add more milk if needed for consistency", "Pour into glass", "Serve immediately"]","["low-fat milk", "mixed berries", "banana", "Greek yogurt", "honey", "ice"]",beverages,180,10.0,32.0,3.0,4.0,"12 fl oz",5,0,1,"2025-09-16 12:53:33","2025-09-16 12:53:33"
9,"Greek-yogurt smoothie","["1 cup plain Greek yogurt", "1/2 cup frozen mixed berries", "1/2 banana", "1/4 cup low-fat milk", "1 tbsp honey", "1 tsp vanilla extract", "1/2 cup ice"]","["Add all ingredients to blender", "Blend on high speed for 60-90 seconds until smooth", "Add more milk if needed for desired consistency", "Pour into glass and serve immediately", "Optional: garnish with fresh berries"]","["Greek yogurt", "mixed berries", "banana", "low-fat milk", "honey", "vanilla extract", "ice"]",beverages,220,20.0,28.0,4.0,3.0,"12 fl oz",5,0,1,"2025-09-16 12:53:33","2025-09-16 12:53:33"
10,"Banana ice-cream shake","["2 frozen bananas, sliced", "1/2 cup low-fat milk", "2 scoops vanilla ice cream", "1 tbsp peanut butter", "1/4 tsp cinnamon", "1 tbsp honey"]","["Freeze banana slices for at least 2 hours", "Add all ingredients to blender", "Blend until thick and creamy", "Add more milk if too thick", "Pour into glass", "Serve immediately with straw"]","["frozen bananas", "low-fat milk", "vanilla ice cream", "peanut butter", "cinnamon", "honey"]",desserts,320,12.0,45.0,12.0,3.0,"12 fl oz",5,0,1,"2025-09-16 12:53:33","2025-09-16 12:53:33"
11,"Iced coffee & milk (no syrup)","["8 fl oz strong brewed coffee, cooled", "4 fl oz low-fat milk", "Ice cubes", "Optional: 1 tsp vanilla extract"]","["Brew coffee and let cool completely", "Fill glass with ice cubes", "Pour cooled coffee over ice", "Add milk and vanilla if using", "Stir well", "Serve immediately"]","["brewed coffee", "low-fat milk", "ice", "vanilla extract"]",beverages,60,4.0,6.0,2.0,0.0,"12 fl oz",3,5,1,"2025-09-16 12:53:33","2025-09-16 12:53:33"
12,"Chocolate milk (low-fat plain)","["8 fl oz low-fat milk", "2 tbsp unsweetened cocoa powder", "2 tbsp honey or maple syrup", "1/2 tsp vanilla extract", "Pinch of salt"]","["Whisk cocoa powder with small amount of milk to make paste", "Add remaining milk gradually while whisking", "Stir in honey and vanilla", "Add pinch of salt", "Whisk until well combined", "Chill and serve"]","["low-fat milk", "cocoa powder", "honey", "vanilla extract", "salt"]",beverages,158,8.0,26.0,3.0,1.0,"8 fl oz",5,0,1,"2025-09-16 12:53:33","2025-09-16 12:53:33"
13,"Frozen yogurt","["2 cups plain Greek yogurt", "1/3 cup honey", "1 tsp vanilla extract", "1/2 cup mixed berries", "Optional: 2 tbsp mini dark chocolate chips"]","["Whisk together yogurt, honey, and vanilla until smooth", "Fold in berries and chocolate chips if using", "Pour mixture into freezer-safe container", "Freeze for 2 hours, then stir vigorously", "Return to freezer for 2 more hours, stir again", "Freeze until solid, about 4 hours total", "Scoop and serve"]","["Greek yogurt", "honey", "vanilla extract", "mixed berries", "dark chocolate chips"]",desserts,140,4.0,22.0,4.0,0.0,"1/2 cup",10,0,8,"2025-09-16 12:53:33","2025-09-16 12:53:33"
14,"Fruit sorbet","["2 cups frozen fruit (mango, strawberry, or mixed)", "1/4 cup honey", "2 tbsp fresh lemon juice", "1/4 cup water"]","["Let frozen fruit thaw for 5 minutes", "Add all ingredients to food processor", "Process until smooth and creamy", "Serve immediately as soft serve", "Or freeze for 2 hours for firmer texture", "Scoop and serve with fresh fruit garnish"]","["frozen fruit", "honey", "lemon juice", "water"]",desserts,120,0.0,30.0,0.0,1.0,"1/2 cup",5,0,4,"2025-09-16 12:53:33","2025-09-16 12:53:33"
15,"Banana ice-cream","["3 ripe bananas, frozen", "2 tbsp low-fat milk", "1 tbsp peanut butter", "1/2 tsp vanilla extract", "Optional: 1 tbsp mini chocolate chips"]","["Freeze sliced bananas for at least 2 hours", "Add frozen bananas to food processor", "Process until crumbly, then creamy", "Add milk, peanut butter, and vanilla", "Process until smooth", "Fold in chocolate chips if using", "Serve immediately or freeze for firmer texture"]","["frozen bananas", "low-fat milk", "peanut butter", "vanilla extract", "chocolate chips"]",desserts,200,3.0,32.0,8.0,2.0,"1/2 cup",5,0,2,"2025-09-16 12:53:33","2025-09-16 12:53:33"
16,"Yogurt pops","["1 cup Greek yogurt", "1/4 cup honey", "1/2 cup mixed berries", "1 tsp vanilla extract"]","["Mix yogurt, honey, and vanilla in bowl", "Fold in berries", "Pour mixture into popsicle molds", "Insert sticks", "Freeze for at least 4 hours or overnight", "Run molds under warm water to remove", "Serve immediately"]","["Greek yogurt", "honey", "mixed berries", "vanilla extract"]",desserts,80,4.0,14.0,2.0,1.0,"1 pop",5,0,6,"2025-09-16 12:53:33","2025-09-16 12:53:33"
17,"Air-popped popcorn","["1/4 cup popcorn kernels", "1 tsp olive oil", "1/4 tsp salt", "Optional: 1 tbsp nutritional yeast or herbs"]","["Heat kernels in air popper according to manufacturer instructions", "Once popped, drizzle with olive oil", "Sprinkle with salt and toss to distribute", "Add nutritional yeast or herbs if desired", "Serve immediately"]","["popcorn kernels", "olive oil", "salt", "nutritional yeast"]",snacks,93,3.0,19.0,1.0,4.0,"3 cups popped",2,5,1,"2025-09-16 12:53:33","2025-09-16 12:53:33"
18,"Roasted chickpeas","["1 cup canned chickpeas, drained and rinsed", "1 tbsp olive oil", "1/2 tsp smoked paprika", "1/4 tsp garlic powder", "1/4 tsp cumin", "1/4 tsp salt", "1/8 tsp cayenne pepper"]","["Preheat oven to 400°F", "Pat chickpeas dry with paper towel", "Toss chickpeas with olive oil and all spices", "Spread on baking sheet in single layer", "Roast for 20-25 minutes, shaking pan halfway through", "Cool for 5 minutes before serving", "Store leftovers in airtight container"]","["chickpeas", "olive oil", "smoked paprika", "garlic powder", "cumin", "salt", "cayenne pepper"]",snacks,180,8.0,24.0,6.0,8.0,"1/4 cup",5,25,4,"2025-09-16 12:53:33","2025-09-16 12:53:33"
19,"Baked tortilla chips & salsa","["4 corn tortillas", "1 tsp olive oil", "1/4 tsp salt", "1/2 cup fresh salsa", "2 tbsp diced tomatoes", "1 tbsp diced onions", "1 tbsp cilantro", "1 tbsp lime juice"]","["Preheat oven to 400°F", "Cut tortillas into triangles", "Brush lightly with olive oil and sprinkle with salt", "Bake 8-10 minutes until crispy", "For salsa: mix tomatoes, onions, cilantro, and lime juice", "Let salsa sit 10 minutes for flavors to blend", "Serve chips with fresh salsa"]","["corn tortillas", "olive oil", "salt", "tomatoes", "onions", "cilantro", "lime juice"]",snacks,140,3.0,24.0,4.0,3.0,"15 chips + 2 tbsp salsa",10,10,2,"2025-09-16 12:53:33","2025-09-16 12:53:33"
20,"Baked pita chips","["2 whole wheat pita breads", "2 tbsp olive oil", "1/2 tsp garlic powder", "1/4 tsp salt", "1/4 tsp dried oregano", "Optional: 2 tbsp hummus for dipping"]","["Preheat oven to 375°F", "Split pita breads in half and cut into triangles", "Brush with olive oil", "Sprinkle with garlic powder, salt, and oregano", "Bake 10-12 minutes until golden and crispy", "Cool on wire rack", "Serve with hummus if desired"]","["whole wheat pita", "olive oil", "garlic powder", "salt", "oregano", "hummus"]",snacks,120,4.0,20.0,3.0,2.0,"1 oz",5,12,2,"2025-09-16 12:53:33","2025-09-16 12:53:33"
21,"Air-fryer fries","["1 medium russet potato", "1 tbsp olive oil", "1/2 tsp salt", "1/4 tsp garlic powder", "1/4 tsp paprika", "Optional: ketchup for dipping"]","["Wash and cut potato into fry-shaped pieces", "Soak in cold water for 30 minutes", "Pat completely dry", "Toss with olive oil and seasonings", "Air fry at 380°F for 12-15 minutes", "Shake basket halfway through cooking", "Serve immediately with ketchup"]","["russet potato", "olive oil", "salt", "garlic powder", "paprika", "ketchup"]",snacks,150,3.0,28.0,4.0,3.0,"1 medium potato",35,15,1,"2025-09-16 12:53:33","2025-09-16 12:53:33"
22,"Baked sweet-potato wedges","["1 large sweet potato", "1 tbsp olive oil", "1/2 tsp smoked paprika", "1/4 tsp garlic powder", "1/4 tsp salt", "1/8 tsp black pepper", "Optional: 2 tbsp Greek yogurt for dipping"]","["Preheat oven to 425°F", "Wash and cut sweet potato into wedges", "Toss wedges with olive oil and all seasonings", "Arrange on baking sheet in single layer", "Bake 25-30 minutes, flipping halfway through", "Cook until edges are crispy and inside is tender", "Serve with Greek yogurt dip if desired"]","["sweet potato", "olive oil", "smoked paprika", "garlic powder", "salt", "black pepper", "Greek yogurt"]",snacks,130,2.0,30.0,0.0,4.0,"1 medium potato",10,30,1,"2025-09-16 12:53:33","2025-09-16 12:53:33"
23,"Roasted potato cubes","["1 medium potato", "1 tbsp olive oil", "1/2 tsp salt", "1/4 tsp black pepper", "1/4 tsp rosemary", "1 clove garlic, minced"]","["Preheat oven to 425°F", "Wash and dice potato into 1-inch cubes", "Toss with olive oil, salt, pepper, rosemary, and garlic", "Spread on baking sheet in single layer", "Roast 25-30 minutes until golden brown", "Flip once during cooking", "Serve hot"]","["potato", "olive oil", "salt", "black pepper", "rosemary", "garlic"]",snacks,140,3.0,30.0,2.0,3.0,"1 medium potato",10,30,1,"2025-09-16 12:53:33","2025-09-16 12:53:33"
24,"Edamame pods","["1 cup frozen edamame pods", "1 tsp sea salt", "2 cups water"]","["Bring water to boil in medium saucepan", "Add frozen edamame pods", "Cook for 4-5 minutes", "Drain in colander", "Sprinkle with sea salt while still warm", "Serve immediately", "Eat by squeezing beans from pods"]","["frozen edamame", "sea salt", "water"]",snacks,95,8.0,8.0,4.0,4.0,"1/2 cup shelled",2,5,1,"2025-09-16 12:53:33","2025-09-16 12:53:33"
25,"Grilled chicken burger","["4 oz ground chicken breast", "1 whole wheat hamburger bun", "1 slice tomato", "2 lettuce leaves", "1 tbsp Greek yogurt", "1 tsp olive oil", "1/4 tsp garlic powder", "1/4 tsp salt", "1/8 tsp black pepper"]","["Preheat grill to medium-high heat", "Season ground chicken with garlic powder, salt, and pepper", "Form chicken into a patty", "Brush patty lightly with olive oil", "Grill for 6-7 minutes per side until internal temp reaches 165°F", "Toast bun lightly on grill", "Assemble burger with Greek yogurt, lettuce, tomato, and chicken patty"]","["ground chicken breast", "whole wheat bun", "tomato", "lettuce", "Greek yogurt", "olive oil", "garlic powder", "salt", "black pepper"]",main-meals,380,32.0,28.0,16.0,4.0,"1 burger",10,15,1,"2025-09-16 12:53:33","2025-09-16 12:53:33"
26,"Turkey veggie burger","["4 oz ground turkey (93% lean)", "1 whole wheat bun", "1/4 cup grated zucchini", "2 tbsp minced onion", "1 clove garlic minced", "1 tbsp whole wheat breadcrumbs", "1 tsp Worcestershire sauce", "1/2 tsp salt", "1/4 tsp black pepper", "1 slice avocado", "2 lettuce leaves"]","["Mix ground turkey, zucchini, onion, garlic, breadcrumbs, Worcestershire, salt, and pepper", "Form into patty and let rest 10 minutes", "Heat grill pan over medium-high heat", "Cook patty 5-6 minutes per side until internal temp reaches 165°F", "Toast bun if desired", "Assemble with lettuce, turkey patty, and avocado slice"]","["ground turkey", "whole wheat bun", "zucchini", "onion", "garlic", "breadcrumbs", "Worcestershire sauce", "salt", "black pepper", "avocado", "lettuce"]",main-meals,320,28.0,25.0,12.0,5.0,"1 burger",15,12,1,"2025-09-16 12:53:33","2025-09-16 12:53:33"
27,"Lettuce-wrap burger","["4 oz lean ground beef (90% lean)", "4 large butter lettuce leaves", "1 slice tomato", "1 slice red onion", "1 tbsp Greek yogurt", "1 tsp mustard", "1/4 tsp salt", "1/8 tsp black pepper", "1 pickle spear"]","["Season ground beef with salt and pepper", "Form into patty", "Heat grill pan over medium-high heat", "Cook patty 4-5 minutes per side for medium doneness", "Mix Greek yogurt with mustard", "Wash and dry lettuce leaves", "Place patty on lettuce leaves", "Top with tomato, onion, yogurt mixture", "Wrap lettuce around burger", "Serve with pickle"]","["lean ground beef", "butter lettuce", "tomato", "red onion", "Greek yogurt", "mustard", "salt", "black pepper", "pickle"]",main-meals,280,25.0,8.0,18.0,3.0,"1 burger",5,10,1,"2025-09-16 12:53:33","2025-09-16 12:53:33"
28,"Single patty & side salad","["4 oz lean ground beef", "2 cups mixed greens", "1/4 cup cherry tomatoes", "2 tbsp cucumber slices", "2 tbsp shredded carrots", "1 tbsp olive oil", "1 tbsp balsamic vinegar", "1/4 tsp salt", "1/8 tsp black pepper"]","["Season beef patty with salt and pepper", "Grill or pan-cook patty 4-5 minutes per side", "In large bowl, combine greens, tomatoes, cucumber, carrots", "Whisk olive oil with balsamic vinegar", "Toss salad with dressing", "Serve patty alongside dressed salad"]","["lean ground beef", "mixed greens", "cherry tomatoes", "cucumber", "carrots", "olive oil", "balsamic vinegar", "salt", "black pepper"]",main-meals,420,28.0,15.0,26.0,6.0,"1 patty + 2 cups salad",10,10,1,"2025-09-16 12:53:33","2025-09-16 12:53:33"
29,"Thin-crust veggie","["1 thin pizza crust", "1/4 cup tomato sauce", "1/3 cup shredded mozzarella", "1/4 cup bell peppers", "1/4 cup mushrooms", "2 tbsp red onion", "1 tbsp olive oil", "1/4 tsp Italian seasoning", "Fresh basil leaves"]","["Preheat oven to 450°F", "Brush crust lightly with olive oil", "Spread tomato sauce evenly", "Sprinkle with cheese and Italian seasoning", "Top with vegetables", "Bake 10-12 minutes until cheese melts", "Garnish with fresh basil", "Cut into slices and serve"]","["thin pizza crust", "tomato sauce", "mozzarella cheese", "bell peppers", "mushrooms", "red onion", "olive oil", "Italian seasoning", "basil"]",main-meals,250,12.0,30.0,10.0,4.0,"2 slices",10,12,2,"2025-09-16 12:53:33","2025-09-16 12:53:33"
30,"Whole-wheat pita pizza","["1 whole wheat pita bread", "2 tbsp tomato sauce", "1/4 cup shredded mozzarella cheese", "2 tbsp diced bell peppers", "2 tbsp sliced mushrooms", "1 tbsp diced red onion", "1 tsp olive oil", "1/4 tsp Italian seasoning", "1 tbsp fresh basil"]","["Preheat oven to 425°F", "Brush pita with olive oil", "Spread tomato sauce evenly on pita", "Sprinkle with cheese and Italian seasoning", "Top with vegetables", "Bake for 8-10 minutes until cheese melts and edges are crispy", "Garnish with fresh basil and serve"]","["whole wheat pita", "tomato sauce", "mozzarella cheese", "bell peppers", "mushrooms", "red onion", "olive oil", "Italian seasoning", "fresh basil"]",main-meals,280,15.0,35.0,10.0,5.0,"1 pita pizza",10,10,1,"2025-09-16 12:53:33","2025-09-16 12:53:33"
31,"Margherita (light cheese)","["1 thin pizza crust", "2 tbsp tomato sauce", "2 oz fresh mozzarella, sliced", "4-5 fresh basil leaves", "1 tsp olive oil", "1/4 tsp salt", "1/8 tsp black pepper"]","["Preheat oven to 475°F", "Brush crust with olive oil", "Spread tomato sauce evenly", "Arrange mozzarella slices on top", "Season with salt and pepper", "Bake 8-10 minutes until cheese bubbles", "Add fresh basil leaves", "Drizzle with remaining olive oil", "Serve immediately"]","["thin pizza crust", "tomato sauce", "fresh mozzarella", "basil leaves", "olive oil", "salt", "black pepper"]",main-meals,220,10.0,28.0,8.0,3.0,"2 slices",5,10,2,"2025-09-16 12:53:33","2025-09-16 12:53:33"
32,"Cauliflower-crust pizza","["1 cauliflower pizza crust", "2 tbsp tomato sauce", "1/4 cup shredded mozzarella", "2 tbsp bell peppers", "1 tbsp red onion", "1 tsp olive oil", "1/4 tsp garlic powder", "Fresh arugula for garnish"]","["Preheat oven according to crust package directions", "Brush crust with olive oil", "Spread tomato sauce evenly", "Sprinkle with cheese and garlic powder", "Add vegetables on top", "Bake according to package directions until cheese melts", "Garnish with fresh arugula", "Slice and serve"]","["cauliflower crust", "tomato sauce", "mozzarella cheese", "bell peppers", "red onion", "olive oil", "garlic powder", "arugula"]",main-meals,180,12.0,15.0,9.0,4.0,"2 slices",5,12,2,"2025-09-16 12:53:33","2025-09-16 12:53:33"
33,"Grilled chicken strips","["4 oz chicken breast", "1 tbsp olive oil", "1 tsp garlic powder", "1/2 tsp paprika", "1/2 tsp salt", "1/4 tsp black pepper", "1 tbsp fresh lemon juice"]","["Cut chicken breast into strips", "Mix olive oil with garlic powder, paprika, salt, and pepper", "Marinate chicken strips in mixture for 15 minutes", "Preheat grill to medium-high", "Grill strips 3-4 minutes per side until cooked through", "Drizzle with lemon juice before serving"]","["chicken breast", "olive oil", "garlic powder", "paprika", "salt", "black pepper", "lemon juice"]",main-meals,240,35.0,2.0,10.0,0.0,"4 oz",15,8,1,"2025-09-16 12:53:33","2025-09-16 12:53:33"
34,"Air-fried nuggets (home)","["4 oz chicken breast, cubed", "1/4 cup whole wheat flour", "1 egg beaten", "1/3 cup panko breadcrumbs", "1/4 tsp garlic powder", "1/4 tsp salt", "1/8 tsp black pepper", "Cooking spray"]","["Cut chicken into nugget-sized pieces", "Set up breading station: flour, beaten egg, seasoned breadcrumbs", "Dredge chicken in flour, then egg, then breadcrumbs", "Spray air fryer basket with cooking spray", "Air fry at 400°F for 10-12 minutes, flipping halfway", "Cook until golden brown and internal temp reaches 165°F"]","["chicken breast", "whole wheat flour", "egg", "panko breadcrumbs", "garlic powder", "salt", "black pepper", "cooking spray"]",main-meals,280,22.0,18.0,14.0,1.0,"6 pieces",15,12,1,"2025-09-16 12:53:33","2025-09-16 12:53:33"
35,"Tofu nuggets","["6 oz extra-firm tofu", "1/4 cup whole wheat flour", "2 tbsp plant milk", "1/3 cup panko breadcrumbs", "1/4 tsp garlic powder", "1/4 tsp nutritional yeast", "1/4 tsp salt", "1 tbsp olive oil"]","["Press tofu to remove excess water, cut into nuggets", "Mix flour with plant milk to make batter", "Season breadcrumbs with garlic powder, nutritional yeast, and salt", "Dip tofu in batter, then coat with breadcrumbs", "Heat olive oil in pan over medium heat", "Cook nuggets 3-4 minutes per side until golden", "Serve hot"]","["extra-firm tofu", "whole wheat flour", "plant milk", "panko breadcrumbs", "garlic powder", "nutritional yeast", "salt", "olive oil"]",main-meals,220,18.0,12.0,12.0,2.0,"6 pieces",20,8,1,"2025-09-16 12:53:33","2025-09-16 12:53:33"
36,"Rotisserie chicken roll","["3 oz rotisserie chicken, shredded", "1 whole wheat tortilla", "2 tbsp hummus", "1/4 cup shredded lettuce", "2 tbsp diced cucumber", "2 tbsp diced tomato", "1 tbsp red onion", "1 tsp olive oil", "1/2 tsp lemon juice"]","["Warm tortilla in microwave for 10 seconds", "Spread hummus evenly on tortilla", "Add shredded chicken in center", "Top with lettuce, cucumber, tomato, and onion", "Drizzle with olive oil and lemon juice", "Roll tightly from one end", "Cut in half diagonally", "Serve immediately"]","["rotisserie chicken", "whole wheat tortilla", "hummus", "lettuce", "cucumber", "tomato", "red onion", "olive oil", "lemon juice"]",main-meals,320,28.0,25.0,14.0,3.0,"1 roll",10,0,1,"2025-09-16 12:53:33","2025-09-16 12:53:33"
37,"Ramen & veg & egg","["1 package whole grain ramen noodles", "2 cups low-sodium vegetable broth", "1 egg", "1/2 cup mixed vegetables (carrots, snap peas, corn)", "2 tbsp green onions", "1 tsp sesame oil", "1/2 tsp garlic powder", "1/4 tsp ginger powder", "1 tbsp soy sauce (low sodium)"]","["Boil water in medium saucepan", "Add ramen noodles and cook 2-3 minutes", "Add vegetables and cook 1 minute more", "Crack egg into bowl and scramble", "Add scrambled egg to ramen", "Stir in broth, sesame oil, garlic powder, ginger, and soy sauce", "Garnish with green onions", "Serve hot in bowl"]","["whole grain ramen", "vegetable broth", "egg", "mixed vegetables", "green onions", "sesame oil", "garlic powder", "ginger powder", "soy sauce"]",main-meals,380,18.0,45.0,14.0,4.0,"1 bowl",5,8,1,"2025-09-16 12:53:33","2025-09-16 12:53:33"
38,"Soba bowl & veggies","["3 oz soba noodles", "1 cup broccoli florets", "1/2 cup sliced bell peppers", "1/4 cup edamame", "2 tbsp sesame seeds", "2 tbsp soy sauce", "1 tbsp rice vinegar", "1 tsp sesame oil", "1/2 tsp honey", "1 clove garlic, minced"]","["Cook soba noodles according to package directions", "Steam broccoli and bell peppers for 3-4 minutes", "Cook edamame according to package directions", "Whisk together soy sauce, rice vinegar, sesame oil, honey, and garlic", "Drain noodles and rinse with cold water", "Combine noodles with vegetables in bowl", "Toss with dressing", "Top with sesame seeds"]","["soba noodles", "broccoli", "bell peppers", "edamame", "sesame seeds", "soy sauce", "rice vinegar", "sesame oil", "honey", "garlic"]",main-meals,320,12.0,58.0,6.0,6.0,"1 bowl",10,10,1,"2025-09-16 12:53:33","2025-09-16 12:53:33"
39,"Udon & chicken or tofu with greens","["3 oz udon noodles", "3 oz cooked chicken breast or tofu", "1 cup baby spinach", "1/2 cup bok choy", "2 cups low-sodium chicken broth", "1 tbsp miso paste", "1 tsp sesame oil", "1 clove garlic, minced", "1 tsp fresh ginger, grated", "2 green onions, sliced"]","["Cook udon noodles according to package directions", "Heat broth in large pot", "Whisk miso paste with small amount of warm broth", "Add miso mixture back to pot with garlic and ginger", "Add chicken or tofu to broth", "Add greens and cook until wilted", "Drain noodles and divide between bowls", "Ladle broth mixture over noodles", "Top with green onions and drizzle with sesame oil"]","["udon noodles", "chicken breast", "tofu", "baby spinach", "bok choy", "chicken broth", "miso paste", "sesame oil", "garlic", "ginger", "green onions"]",main-meals,350,20.0,52.0,8.0,5.0,"1 bowl",5,15,1,"2025-09-16 12:53:33","2025-09-16 12:53:33"
40,"DIY broth noodles & veggies","["2 oz whole wheat noodles", "2 cups low-sodium vegetable broth", "1/2 cup mixed frozen vegetables", "1/4 cup mushrooms, sliced", "2 tbsp corn kernels", "1 tbsp green onions", "1/2 tsp garlic powder", "1/4 tsp ginger powder", "1 tbsp soy sauce", "1 tsp sesame oil"]","["Bring broth to boil in medium saucepan", "Add noodles and cook according to package directions", "Add frozen vegetables and mushrooms", "Cook 3-4 minutes until vegetables are tender", "Stir in corn, garlic powder, ginger powder, and soy sauce", "Remove from heat and add sesame oil", "Garnish with green onions", "Serve hot"]","["whole wheat noodles", "vegetable broth", "frozen vegetables", "mushrooms", "corn", "green onions", "garlic powder", "ginger powder", "soy sauce", "sesame oil"]",main-meals,280,8.0,48.0,6.0,4.0,"1 bowl",5,12,1,"2025-09-16 12:53:33","2025-09-16 12:53:33"
41,"Overnight oats (PB with fruits)","["1/2 cup rolled oats", "1/2 cup low-fat milk", "2 tbsp natural peanut butter", "1 tbsp chia seeds", "1 tsp honey", "1/2 banana sliced", "1/4 cup mixed berries", "1/4 tsp vanilla extract"]","["In a jar or container, combine oats, milk, peanut butter, and vanilla", "Stir well until peanut butter is mixed in", "Add chia seeds and honey, stir again", "Cover and refrigerate overnight or at least 4 hours", "In the morning, top with sliced banana and berries", "Enjoy cold or warm in microwave for 30 seconds"]","["rolled oats", "low-fat milk", "natural peanut butter", "chia seeds", "honey", "banana", "mixed berries", "vanilla extract"]",breakfast,320,12.0,45.0,12.0,8.0,"1/2 cup dry oats",5,0,1,"2025-09-16 12:53:33","2025-09-16 12:53:33"
42,"High-fiber cereal (low sugar)","["1 cup high-fiber cereal", "3/4 cup low-fat milk", "1/2 banana sliced", "1 tbsp chopped walnuts", "1 tsp honey (optional)"]","["Pour cereal into bowl", "Add sliced banana and walnuts", "Pour milk over cereal", "Drizzle with honey if desired", "Let sit 2-3 minutes to soften slightly", "Serve immediately"]","["high-fiber cereal", "low-fat milk", "banana", "walnuts", "honey"]",breakfast,180,6.0,42.0,2.0,12.0,"1 cup + milk",3,0,1,"2025-09-16 12:53:33","2025-09-16 12:53:33"
43,"Yogurt parfait + granola","["1 cup vanilla Greek yogurt", "1/4 cup granola", "1/2 cup mixed berries", "1 tbsp honey", "1 tbsp chopped almonds", "1/4 tsp cinnamon"]","["Layer half the yogurt in glass or bowl", "Add half the berries", "Sprinkle with half the granola", "Repeat layers", "Top with almonds and cinnamon", "Drizzle with honey", "Serve immediately"]","["Greek yogurt", "granola", "mixed berries", "honey", "almonds", "cinnamon"]",breakfast,280,15.0,38.0,8.0,4.0,"1 cup yogurt + 1/4 cup granola",5,0,1,"2025-09-16 12:53:33","2025-09-16 12:53:33"
44,"Whole-grain toast with PB & banana","["2 slices whole grain bread", "2 tbsp natural peanut butter", "1 medium banana sliced", "1 tsp honey", "1/4 tsp cinnamon", "Optional: 1 tbsp chia seeds"]","["Toast bread until golden brown", "Spread peanut butter evenly on toast", "Arrange banana slices on top", "Drizzle with honey", "Sprinkle with cinnamon and chia seeds if using", "Serve immediately"]","["whole grain bread", "natural peanut butter", "banana", "honey", "cinnamon", "chia seeds"]",breakfast,320,12.0,42.0,14.0,8.0,"2 slices",5,2,1,"2025-09-16 12:53:33","2025-09-16 12:53:33"
45,"Plain Greek yogurt with berries","["1 cup plain Greek yogurt", "1/2 cup mixed fresh berries", "1 tbsp honey", "1 tbsp chopped walnuts", "1/4 tsp vanilla extract"]","["Place yogurt in serving bowl", "Mix in vanilla extract", "Top with fresh berries", "Drizzle with honey", "Sprinkle with chopped walnuts", "Serve immediately"]","["Greek yogurt", "mixed berries", "honey", "walnuts", "vanilla extract"]",breakfast,180,20.0,20.0,4.0,4.0,"1 cup yogurt + 1/2 cup berries",3,0,1,"2025-09-16 12:53:33","2025-09-16 12:53:33"
46,"Skyr & fruit","["5.3 oz plain skyr", "1/2 cup mixed fruit (berries, diced apple)", "1 tsp honey", "1 tbsp granola", "1/4 tsp cinnamon"]","["Place skyr in serving bowl", "Add mixed fruit on top", "Drizzle with honey", "Sprinkle with granola and cinnamon", "Mix gently before eating", "Serve chilled"]","["plain skyr", "mixed fruit", "honey", "granola", "cinnamon"]",breakfast,150,18.0,18.0,0.0,3.0,"5.3 oz + fruit",3,0,1,"2025-09-16 12:53:33","2025-09-16 12:53:33"
47,"Kefir smoothie","["8 fl oz plain kefir", "1/2 cup frozen mango chunks", "1/4 cup spinach leaves", "1/2 banana", "1 tbsp honey", "1/4 tsp vanilla extract"]","["Add all ingredients to blender", "Blend on high for 60 seconds until smooth", "Add more kefir if needed for desired consistency", "Pour into glass", "Serve immediately"]","["plain kefir", "frozen mango", "spinach", "banana", "honey", "vanilla extract"]",breakfast,200,12.0,25.0,6.0,3.0,"8 fl oz",5,0,1,"2025-09-16 12:53:33","2025-09-16 12:53:33"
48,"Cottage cheese + fruit","["1/2 cup low-fat cottage cheese", "1/2 cup mixed fruit (peaches, berries)", "1 tsp honey", "1 tbsp chopped almonds", "1/4 tsp cinnamon"]","["Place cottage cheese in serving bowl", "Top with mixed fruit", "Drizzle with honey", "Sprinkle with almonds and cinnamon", "Mix gently", "Serve chilled"]","["low-fat cottage cheese", "mixed fruit", "honey", "almonds", "cinnamon"]",breakfast,160,14.0,18.0,4.0,2.0,"1/2 cup + fruit",3,0,1,"2025-09-16 12:53:33","2025-09-16 12:53:33"
49,"Oatmeal cookie (less sugar)","["1/2 cup rolled oats", "1/4 cup whole wheat flour", "2 tbsp coconut oil, melted", "2 tbsp honey", "1 egg white", "1/4 tsp vanilla extract", "1/4 tsp cinnamon", "1/8 tsp salt", "2 tbsp mini dark chocolate chips"]","["Preheat oven to 350°F", "Mix dry ingredients in bowl", "Whisk together wet ingredients", "Combine wet and dry ingredients", "Fold in chocolate chips", "Drop spoonfuls on baking sheet", "Bake 12-15 minutes until edges are golden", "Cool on wire rack"]","["rolled oats", "whole wheat flour", "coconut oil", "honey", "egg white", "vanilla extract", "cinnamon", "salt", "dark chocolate chips"]",desserts,120,2.0,18.0,5.0,1.0,"1 medium cookie",10,15,8,"2025-09-16 12:53:33","2025-09-16 12:53:33"
50,"Energy balls (oats with dates)","["1 cup rolled oats", "1/2 cup pitted dates", "2 tbsp natural peanut butter", "1 tbsp chia seeds", "1 tbsp mini dark chocolate chips", "1/2 tsp vanilla extract", "Pinch of salt"]","["Pulse dates in food processor until they form a paste", "Add oats, peanut butter, chia seeds, vanilla, and salt", "Process until mixture holds together when pressed", "Fold in chocolate chips by hand", "Roll mixture into 12 small balls", "Refrigerate for 30 minutes to firm up", "Store in refrigerator up to 1 week"]","["rolled oats", "dates", "natural peanut butter", "chia seeds", "dark chocolate chips", "vanilla extract", "salt"]",desserts,140,4.0,20.0,6.0,3.0,"2 balls",15,0,6,"2025-09-16 12:53:33","2025-09-16 12:53:33"
51,"Rice cake with dark choc","["2 plain rice cakes", "1 square (1/2 oz) dark chocolate (70% cacao)", "1 tbsp almond butter", "1/4 banana sliced"]","["Melt dark chocolate in microwave for 20-30 seconds", "Spread almond butter on rice cakes", "Drizzle melted chocolate over almond butter", "Top with banana slices", "Serve immediately"]","["rice cakes", "dark chocolate", "almond butter", "banana"]",desserts,90,2.0,18.0,2.0,1.0,"1 cake + 1 square chocolate",3,1,1,"2025-09-16 12:53:33","2025-09-16 12:53:33"
52,"Peanut Butter cookies","["1/2 cup natural peanut butter", "1/4 cup honey", "1 egg", "1/2 cup whole wheat flour", "1/4 tsp baking soda", "1/4 tsp vanilla extract", "1/8 tsp salt"]","["Preheat oven to 350°F", "Mix peanut butter, honey, egg, and vanilla", "In separate bowl, combine flour, baking soda, and salt", "Mix wet and dry ingredients until combined", "Drop spoonfuls on baking sheet", "Flatten slightly with fork", "Bake 10-12 minutes until edges are set", "Cool on wire rack"]","["natural peanut butter", "honey", "egg", "whole wheat flour", "baking soda", "vanilla extract", "salt"]",desserts,160,4.0,18.0,8.0,2.0,"1 medium cookie",10,12,12,"2025-09-16 12:53:33","2025-09-16 12:53:33"
53,"Frozen grapes","["1 cup red or green grapes", "Optional: 1 tsp lime juice"]","["Wash grapes and remove from stems", "Pat dry with paper towel", "Sprinkle with lime juice if using", "Place on baking sheet in single layer", "Freeze for at least 2 hours", "Transfer to freezer bag for storage", "Serve frozen as needed"]","["grapes", "lime juice"]",desserts,60,1.0,16.0,0.0,1.0,"1 cup",5,0,1,"2025-09-16 12:53:33","2025-09-16 12:53:33"
54,"Date with PB stuffed","["4 large Medjool dates, pitted", "2 tbsp natural peanut butter", "Optional: 1 tbsp chopped walnuts"]","["Make a slit in each date to remove pit", "Stuff each date with 1/2 tablespoon peanut butter", "Press chopped walnuts into peanut butter if using", "Arrange on plate", "Chill for 15 minutes to firm up", "Serve at room temperature"]","["Medjool dates", "natural peanut butter", "walnuts"]",desserts,120,3.0,18.0,5.0,2.0,"2 dates",5,0,2,"2025-09-16 12:53:33","2025-09-16 12:53:33"
55,"Fruit leather (no added sugar)","["2 cups pureed fruit (strawberry, apple, or mango)", "1 tbsp lemon juice", "Optional: 1/4 tsp cinnamon"]","["Preheat oven to 140°F or use dehydrator", "Mix fruit puree with lemon juice and cinnamon", "Spread mixture evenly on parchment-lined baking sheet", "Dehydrate 6-8 hours until no longer sticky", "Cut into strips with kitchen scissors", "Store in airtight container", "Serve as needed"]","["pureed fruit", "lemon juice", "cinnamon"]",desserts,50,0.0,12.0,0.0,1.0,"1 strip",10,480,8,"2025-09-16 12:53:33","2025-09-16 12:53:33"
56,"Dark chocolate square (70%)","["1 square (1/2 oz) dark chocolate (70% cacao)"]","["Break off one square from chocolate bar", "Let come to room temperature for best flavor", "Eat slowly to savor", "Store remaining chocolate in cool, dry place"]","["dark chocolate"]",desserts,70,1.0,6.0,5.0,1.0,"1 square",1,0,1,"2025-09-16 12:53:33","2025-09-16 12:53:33"
57,"Baked chips with beans, salsa & yogurt","["15 baked tortilla chips", "1/4 cup black beans, drained and rinsed", "2 tbsp salsa", "2 tbsp Greek yogurt", "1 tbsp diced tomatoes", "1 tbsp diced onions", "1 tsp lime juice", "1/4 tsp cumin"]","["Warm black beans in microwave for 30 seconds", "Season beans with cumin", "Arrange chips on plate", "Top with seasoned black beans", "Add dollops of salsa and Greek yogurt", "Sprinkle with diced tomatoes and onions", "Drizzle with lime juice", "Serve immediately"]","["baked tortilla chips", "black beans", "salsa", "Greek yogurt", "tomatoes", "onions", "lime juice", "cumin"]",snacks,220,8.0,32.0,6.0,8.0,"15 chips + toppings",5,1,1,"2025-09-16 12:53:33","2025-09-16 12:53:33"
58,"Veg-loaded sheet-pan nachos","["2 oz baked tortilla chips", "1/4 cup black beans", "1/4 cup corn kernels", "1/4 cup diced bell peppers", "2 tbsp diced tomatoes", "1/4 cup shredded cheese", "2 tbsp Greek yogurt", "1 tbsp salsa", "1 tbsp diced avocado", "1 tsp lime juice"]","["Preheat oven to 375°F", "Spread chips on baking sheet", "Top with beans, corn, peppers, and cheese", "Bake 8-10 minutes until cheese melts", "Remove from oven", "Top with tomatoes, Greek yogurt, salsa, and avocado", "Drizzle with lime juice", "Serve immediately"]","["baked tortilla chips", "black beans", "corn", "bell peppers", "tomatoes", "shredded cheese", "Greek yogurt", "salsa", "avocado", "lime juice"]",snacks,280,12.0,28.0,14.0,6.0,"1 serving",5,10,1,"2025-09-16 12:53:33","2025-09-16 12:53:33"
59,"Whole-wheat quesadilla (veg, light cheese)","["1 whole wheat tortilla", "1/4 cup shredded cheese", "2 tbsp diced bell peppers", "2 tbsp diced mushrooms", "1 tbsp diced onions", "1 tbsp spinach leaves", "1 tsp olive oil", "Optional: 2 tbsp Greek yogurt for dipping"]","["Heat half the olive oil in non-stick pan", "Sauté vegetables until tender, about 3-4 minutes", "Remove vegetables from pan", "Place tortilla in pan", "Add cheese and cooked vegetables to half the tortilla", "Fold tortilla over", "Cook 2-3 minutes per side until golden and cheese melts", "Cut into wedges", "Serve with Greek yogurt if desired"]","["whole wheat tortilla", "shredded cheese", "bell peppers", "mushrooms", "onions", "spinach", "olive oil", "Greek yogurt"]",snacks,240,12.0,28.0,10.0,4.0,"1/2 quesadilla",10,8,1,"2025-09-16 12:53:33","2025-09-16 12:53:33"
60,"Corn-bean salad with a side of chips","["1/2 cup corn kernels", "1/4 cup black beans", "2 tbsp diced bell peppers", "1 tbsp diced red onion", "1 tbsp cilantro", "1 tbsp lime juice", "1 tsp olive oil", "1/4 tsp cumin", "1/8 tsp salt", "10 baked tortilla chips"]","["Combine corn, black beans, bell peppers, and red onion in bowl", "Whisk together lime juice, olive oil, cumin, and salt", "Toss vegetables with dressing", "Let marinate 10 minutes", "Stir in fresh cilantro", "Serve with baked tortilla chips on the side", "Can be made ahead and chilled"]","["corn kernels", "black beans", "bell peppers", "red onion", "cilantro", "lime juice", "olive oil", "cumin", "salt", "baked tortilla chips"]",snacks,200,6.0,32.0,6.0,6.0,"3/4 cup salad + chips",15,0,1,"2025-09-16 12:53:33","2025-09-16 12:53:33"
